Authority,Resource,URL,Accessed
CIRR,Bootcamp outcomes manifest,https://cirr.org/data,2026-04-10
OECD,Education at a Glance 2025,https://www.oecd.org/en/publications/education-at-a-glance-2025_1c0d9c79-en.html,2026-04-10
USCIS,H-1B FAQ ($100K proclamation),https://www.uscis.gov/newsroom/alerts/h-1b-faq,2026-04-10
USCIS,H-1B Electronic Registration Process,https://www.uscis.gov/working-in-the-united-states/temporary-workers/h-1b-specialty-occupations/h-1b-electronic-registration-process,2026-04-10
USCIS,Premium Processing Fee Increase,https://www.uscis.gov/newsroom/alerts/uscis-to-increase-premium-processing-fees,2026-04-10
USCIS,Case Processing Times Tool (live),https://egov.uscis.gov/processing-times,2026-04-10
IRCC,LMIA Processing Times,https://www.canada.ca/en/employment-social-development/services/foreign-workers/labour-market-impact-assessment-processing-times.html,2026-04-10
IRCC,Express Entry: Rounds of Invitations,https://www.canada.ca/en/immigration-refugees-citizenship/services/immigrate-canada/express-entry/rounds-invitations.html,2026-04-10
IRCC,Global Talent Stream Requirements,https://www.canada.ca/en/employment-social-development/services/foreign-workers/global-talent.html,2026-04-10
UK Home Office,Skilled Worker Visa Costs,https://www.gov.uk/skilled-worker-visa/how-much-it-costs,2026-04-10
UK Home Office,Skilled Worker Visa Overview,https://www.gov.uk/skilled-worker-visa,2026-04-10
UK Home Office,Immigration Health Surcharge,https://www.gov.uk/healthcare-immigration-application/how-much-pay,2026-04-10
Make it in Germany,EU Blue Card,https://www.make-it-in-germany.com/en/visa-residence/types/eu-blue-card,2026-04-10
Make it in Germany,Fast-Track Procedure for Skilled Workers,https://www.make-it-in-germany.com/en/looking-for-foreign-professionals/entering/the-fast-track-procedure-for-skilled-workers,2026-04-10
France-Visas,Passeport Talent,https://france-visas.gouv.fr/en/talents-internationaux-et-attractivite-economique,2026-04-10
France-Visas,Visa Application Process,https://france-visas.gouv.fr/en/la-demarche,2026-04-10
France-Visas,Visa Fee Schedule,https://france-visas.gouv.fr/documents/d/france-visas/frais-de-visa-anglais,2026-04-10
IND Netherlands,Fees and Required Amounts 2026,https://ind.nl/en/news/fees-and-required-amounts-for-2026-known,2026-04-10
IND Netherlands,Decision Periods,https://ind.nl/en/after-your-application/decision-periods,2026-04-10
MOM Singapore,Employment Pass,https://www.mom.gov.sg/passes-and-permits/employment-pass,2026-04-10
MOM Singapore,Apply for Employment Pass,https://www.mom.gov.sg/passes-and-permits/employment-pass/apply-for-a-pass,2026-04-10
Home Affairs Australia,SkillSelect Invitation Rounds,https://immi.homeaffairs.gov.au/visas/working-in-australia/skillselect/invitation-rounds,2026-04-10
Home Affairs Australia,Subclass 189,https://immi.homeaffairs.gov.au/visas/getting-a-visa/visa-listing/skilled-independent-189,2026-04-10
Home Affairs Australia,Subclass 482,https://immi.homeaffairs.gov.au/visas/getting-a-visa/visa-listing/skills-in-demand-visa-subclass-482,2026-04-10
MOFA Japan,Highly Skilled Professional Visa,https://www.mofa.go.jp/j_info/visit/visa/long/visa16.html,2026-04-10
MOFA Japan,Visa Processing Time,https://www.mofa.go.jp/j_info/visit/visa/procedure/day.html,2026-04-10
UAE Government Portal,Golden Visa,https://u.ae/en/information-and-services/visa-and-emirates-id/residence-visas/golden-visa,2026-04-10
UAE Government Portal,Emiratisation Penalties,https://u.ae/en/information-and-services/jobs/employment-in-the-private-sector/emiratis-employment-in-private-sector,2026-04-10
UAE Government Portal,Fact Sheet (USD/AED Peg),https://u.ae/en/about-the-uae/fact-sheet,2026-04-10
MOHRE UAE,Issuance of New Overseas Work Permit,https://www.mohre.gov.ae/en/services/recruiting-a-worker-from-overseas-2022,2026-04-10
MRE Brazil,Consulate-General Washington DC Visa Fees,https://www.gov.br/mre/pt-br/consulado-washington/consulate-general-of-brazil-in-washington-dc/visa-fees,2026-04-10
MRE Brazil,VITEM V Temporary Work Visa,https://www.gov.br/mre/pt-br/embaixada-helsinque/consular-services/temporary-work-visa-vitem-v,2026-04-10
Federal Reserve,H.10 FX Rates Apr 1 2026,https://www.federalreserve.gov/releases/h10/current/,2026-04-10
FRED St. Louis Fed,DEXUSEU - USD/EUR Spot,https://fred.stlouisfed.org/data/DEXUSEU.txt,2026-04-10
FRED St. Louis Fed,DEXUSAL - USD/AUD Spot,https://fred.stlouisfed.org/data/DEXUSAL.txt,2026-04-10
FRED St. Louis Fed,DEXSIUS - SGD/USD Spot,https://fred.stlouisfed.org/data/DEXSIUS.txt,2026-04-10
Numbeo,Cost of Living Index 2026,https://www.numbeo.com/cost-of-living/rankings.jsp,2026-04-10
Allied Van Lines,International Moving Cost Calculator,https://www.allied.com/international-moving-company/international-moving-cost-calculator,2026-04-10
Course Report,Coding Bootcamp Ultimate Guide 2026,https://www.coursereport.com/coding-bootcamp-ultimate-guide,2026-04-10
Metana,Coding Bootcamp Statistics 2026,https://metana.io/blog/coding-bootcamp-statistics-for-2026/,2026-04-10
Education Data Initiative,Average Cost of a Master's Degree,https://educationdata.org/average-cost-of-a-masters-degree,2026-04-10
NACE,2025 Summer Salary Survey Executive Summary,https://naceweb.org/docs/default-source/default-document-library/2025/publication/executive-summary/2025-nace-salary-survey-summer-executive-summary.pdf,2026-04-10
Remote.com,Brazil EOR Country Guide,https://remote.com/country-explorer/brazil/employer-of-record,2026-04-10
European Commission,EU Immigration Portal: EU Blue Card Germany,https://home-affairs.ec.europa.eu/policies/migration-and-asylum/eu-immigration-portal/eu-blue-card/eu-blue-card-germany_en,2026-05-06
